{
  "RandomForest": {
    "model": "RandomForest",
    "accuracy": 0.7862,
    "sensitivity_recall": 0.861,
    "sensitivity_ci95": [
      0.8087,
      0.9086
    ],
    "specificity": 0.6292,
    "specificity_ci95": [
      0.5244,
      0.7304
    ],
    "precision": 0.8299,
    "f1_score": 0.8451,
    "auc_roc": 0.8849,
    "auc_ci95": [
      0.8444,
      0.9194
    ],
    "brier_score": 0.1272,
    "confusion_matrix": {
      "TP": 161,
      "TN": 56,
      "FP": 33,
      "FN": 26
    },
    "roc_curve": {
      "fpr": [
        0.0,
        0.0,
        0.0,
        0.0,
        0.0,
        0.0,
        0.0,
        0.0,
        0.0,
        0.0,
        0.0,
        0.0,
        0.011235955056179775,
        0.011235955056179775,
        0.011235955056179775,
        0.011235955056179775,
        0.011235955056179775,
        0.011235955056179775,
        0.011235955056179775,
        0.011235955056179775,
        0.011235955056179775,
        0.011235955056179775,
        0.011235955056179775,
        0.011235955056179775,
        0.011235955056179775,
        0.011235955056179775,
        0.011235955056179775,
        0.011235955056179775,
        0.011235955056179775,
        0.011235955056179775,
        0.011235955056179775,
        0.011235955056179775,
        0.011235955056179775,
        0.011235955056179775,
        0.02247191011235955,
        0.02247191011235955,
        0.02247191011235955,
        0.02247191011235955,
        0.033707865168539325,
        0.033707865168539325,
        0.0449438202247191,
        0.0449438202247191,
        0.056179775280898875,
        0.056179775280898875,
        0.06741573033707865,
        0.06741573033707865,
        0.12359550561797752,
        0.12359550561797752,
        0.1348314606741573,
        0.1348314606741573,
        0.15730337078651685,
        0.15730337078651685,
        0.16853932584269662,
        0.16853932584269662,
        0.1797752808988764,
        0.1797752808988764,
        0.19101123595505617,
        0.19101123595505617,
        0.2247191011235955,
        0.2247191011235955,
        0.23595505617977527,
        0.23595505617977527,
        0.25842696629213485,
        0.25842696629213485,
        0.2696629213483146,
        0.2696629213483146,
        0.30337078651685395,
        0.30337078651685395,
        0.3146067415730337,
        0.3146067415730337,
        0.3258426966292135,
        0.3258426966292135,
        0.3707865168539326,
        0.3707865168539326,
        0.4044943820224719,
        0.4044943820224719,
        0.42696629213483145,
        0.42696629213483145,
        0.449438202247191,
        0.449438202247191,
        0.47191011235955055,
        0.47191011235955055,
        0.48314606741573035,
        0.48314606741573035,
        0.4943820224719101,
        0.4943820224719101,
        0.5280898876404494,
        0.5280898876404494,
        0.550561797752809,
        0.550561797752809,
        0.5617977528089888,
        0.5617977528089888,
        0.5955056179775281,
        0.5955056179775281,
        0.6067415730337079,
        0.6067415730337079,
        0.6179775280898876,
        0.6179775280898876,
        0.651685393258427,
        0.651685393258427,
        0.6741573033707865,
        0.6741573033707865,
        1.0
      ],
      "tpr": [
        0.0,
        0.0213903743315508,
        0.026737967914438502,
        0.0748663101604278,
        0.10695187165775401,
        0.12299465240641712,
        0.15508021390374332,
        0.1657754010695187,
        0.17647058823529413,
        0.19786096256684493,
        0.20855614973262032,
        0.21390374331550802,
        0.21390374331550802,
        0.24598930481283424,
        0.25133689839572193,
        0.2727272727272727,
        0.27807486631016043,
        0.2994652406417112,
        0.3048128342245989,
        0.3155080213903743,
        0.32085561497326204,
        0.3315508021390374,
        0.3422459893048128,
        0.3582887700534759,
        0.3850267379679144,
        0.40106951871657753,
        0.42245989304812837,
        0.43315508021390375,
        0.47058823529411764,
        0.4919786096256685,
        0.5187165775401069,
        0.5294117647058824,
        0.5454545454545454,
        0.5561497326203209,
        0.5561497326203209,
        0.5882352941176471,
        0.5989304812834224,
        0.6096256684491979,
        0.6096256684491979,
        0.6363636363636364,
        0.6363636363636364,
        0.6524064171122995,
        0.6524064171122995,
        0.6631016042780749,
        0.6631016042780749,
        0.6898395721925134,
        0.6898395721925134,
        0.6951871657754011,
        0.6951871657754011,
        0.7486631016042781,
        0.7486631016042781,
        0.7700534759358288,
        0.7700534759358288,
        0.786096256684492,
        0.786096256684492,
        0.7967914438502673,
        0.7967914438502673,
        0.8021390374331551,
        0.8021390374331551,
        0.8074866310160428,
        0.8074866310160428,
        0.8128342245989305,
        0.8128342245989305,
        0.8288770053475936,
        0.8288770053475936,
        0.8342245989304813,
        0.8342245989304813,
        0.839572192513369,
        0.839572192513369,
        0.8449197860962567,
        0.8449197860962567,
        0.8502673796791443,
        0.8502673796791443,
        0.8663101604278075,
        0.8663101604278075,
        0.8770053475935828,
        0.8770053475935828,
        0.8877005347593583,
        0.8877005347593583,
        0.8983957219251337,
        0.8983957219251337,
        0.9090909090909091,
        0.9090909090909091,
        0.9144385026737968,
        0.9144385026737968,
        0.9251336898395722,
        0.9251336898395722,
        0.9358288770053476,
        0.9358288770053476,
        0.9572192513368984,
        0.9572192513368984,
        0.9679144385026738,
        0.9679144385026738,
        0.9786096256684492,
        0.9786096256684492,
        0.983957219251337,
        0.983957219251337,
        0.9893048128342246,
        0.9893048128342246,
        0.9946524064171123,
        0.9946524064171123,
        1.0,
        1.0
      ]
    },
    "calibration": {
      "prob_true": [
        0.0,
        0.15384615384615385,
        0.5263157894736842,
        0.5,
        0.42857142857142855,
        0.7,
        0.75,
        0.9897959183673469
      ],
      "prob_pred": [
        0.06939369429591806,
        0.18960792716266558,
        0.32582041828265784,
        0.44676166144167806,
        0.5597958872955368,
        0.6883097239034578,
        0.8152257916197034,
        0.9546407995041516
      ]
    }
  },
  "XGBoost": {
    "model": "XGBoost",
    "accuracy": 0.7754,
    "sensitivity_recall": 0.8289,
    "sensitivity_ci95": [
      0.7742,
      0.8778
    ],
    "specificity": 0.6629,
    "specificity_ci95": [
      0.56,
      0.7576
    ],
    "precision": 0.8378,
    "f1_score": 0.8333,
    "auc_roc": 0.8653,
    "auc_ci95": [
      0.8197,
      0.9034
    ],
    "brier_score": 0.1601,
    "confusion_matrix": {
      "TP": 155,
      "TN": 59,
      "FP": 30,
      "FN": 32
    },